toxicity,severe_toxicity,obscene,threat,insult,identity_attack,text
0.28307971358299255,0.0003750806499738246,0.011796277016401291,0.0006737476796843112,0.04151177406311035,0.0016023009084165096,"you're a real and to and ( with:; (

 '' and [,"" M on (' and of A and
 — at […, G, (, of G
. R 20. (
 for to (, X.
 A and X,"" to the N — by and the
. 20 — I of or
,, and
, 50
 10 15 and

. I G, and F. 10





 30 T 30 50 T,"
0.25101569294929504,0.00036121331504546106,0.010262885130941868,0.0008229052764363587,0.02489953301846981,0.0016772201051935554,"you're a real:: to.. and. to.,; ""


"". A (. of S. (
. O of R of at to T to
"" at,, T. P 16, I, and 30. to A S, O,, G P, of

 (-
, for 50. 15 and. ', for.
,, 10 and

 (;, or and
, I 50.. A

 to

"
0.25880876183509827,0.00034257795778103173,0.009697063826024532,0.0005637209978885949,0.03574247285723686,0.0016859278548508883,"you're a real from; (


. as.' that,, of in P, ', or 50, 40 and F in 10 S S. 16. D, E — E that and ' G 30.. V.., (-. the., to, T,,, and 15;., and,… and
 ( ' to.
—
 or, and '

--

.
-
——
—


, 20"
0.17917032539844513,0.00023056894133333117,0.00438386807218194,0.0005060745752416551,0.020322222262620926,0.0008443719707429409,"you're a real.'s in-
, and;/;. (. and to.
 and.
' (; A R. (, P. 10,, O to the V; with, in and, and., by 10 E…




,"" (


.
 —

) by
. and ' 30. (


., at C, P in


 and

 or — and ', A
.. by"
0.2566802203655243,0.00030524501926265657,0.008412226103246212,0.0006026510382071137,0.029056204482913017,0.0014362712390720844,"you're a real-.
"" ' [-,
.,.
.,"" O…, in X
 is to G.
 of 10, A, T— and for 1, 20, 6 of R
— (, to
) 1 of '., (' ( T of N. and. and T in F at to. for, A (); of of or.


 ' M T




. or M






"
0.2265051007270813,0.0003152601420879364,0.009150294587016106,0.0005320112104527652,0.03117760270833969,0.0013280886923894286,"you're a real. or-.
,;,, of F 1 ( (, at

-, in..
. 30 14 15
, to. 40,. and from T.. with, O
', — and, (. to S with 10 P (,, or G.
 ""; M O. 40 and I 30 with O— in E A with C.,.. at 15 M. and and M. and G and 1; I

"
0.16637684404850006,0.00021745295089203864,0.004262009169906378,0.0004999937955290079,0.01673838496208191,0.000931990216486156,"you're a real
; to with of, ( in [
)
-"".""
.



) and, E and 20 A X, as, to on M on at and

; on with V; with,


— and F 14. to ( —.

 P,;



 and T

. for and 10; the ( E 30




 ( 15, (
; D.
 (… in A."
0.17564274370670319,0.0002539749548304826,0.006910032592713833,0.00040793014341033995,0.017857959493994713,0.0009260154911316931,"you're a real of..-. to on. (-—… I and with, in, in the and to.
. The next, R.""

—

- T in,
.
,""
 and and, T. as of (


.; T
 D

 T 20 (
 G., and a or 30:, and or 20
 G
 and 40, T in a 15, 30

 ( ' of the, and

"
0.19338597357273102,0.000283812201814726,0.008493820205330849,0.0005964800366200507,0.017818095162510872,0.0009772349148988724,"you're a real ( I, ( to.
./; ',"" and
- 4 for to 3. A R— of 2 to, D.. G

 ( (; to S.,., 10. E.. A A 16.
. —, in E—


.. with that,
.



). D

' ('.


 G


..
 S

. (

 T—"
0.29709550738334656,0.0004784803604707122,0.022466810420155525,0.00047868682304397225,0.04969778284430504,0.0015888535417616367,"you're a real its at
.. or-), V T at T S to 30 P with
' — and and by T of,, T 1; A O., the I.
, X () …;.. (

 (— ( and,

.


-
, and..




.
,, (—: ' '



,
.



-
.

 —.."
0.5316444635391235,0.0014184510800987482,0.08362375199794769,0.0009531692485325038,0.1663224697113037,0.006602094508707523,"you're a real-
 of '
 -
. A [
 and
, ' O, 40 by A ' and (T). T.

"" C G, G. X of T 1 F

—

 for and
., E,
 ' X

 F
. O
 T

 ( 30, 30, C 10 and


;.
 The G


.


 G 15. 10 I with P
 and to G
"
0.3793528378009796,0.0005421273526735604,0.0184624120593071,0.0008280025795102119,0.07503253221511841,0.002643696265295148,"you're a real and—, I R,,

'.-,

's and, or; 10 M, by 20


, or
"" A O (, P. 5, T to, V


 M


 16

 15. 7. 30 50 6 T
 O and of 40., 16


 and
 G O- 8,
 '
 15, P X
 (

;. 40

 ( …; or"
0.22775417566299438,0.00030953800887800753,0.0076844291761517525,0.00039215839933604,0.039118096232414246,0.0014743872452527285,"you're a real;
.

, the's 30,""
/ (F of of (E and

: 10). as with and or I 20. in., and of M,"" —.. in. 10. the
, O





. A


. P













.


.

.






., and the C P; (
"
0.2625122666358948,0.00035980521352030337,0.011549768038094044,0.0005092627834528685,0.03722751513123512,0.0013922493671998382,"you're a real is of that
.s. (""
. A to P. G that.
..

, for T
: I V A [)
.

, T, … with T.



.. and; —


. T at T- "" [,












, and



. (.
. E.









"
0.07932072877883911,0.00014563450531568378,0.002539539011195302,0.00029708564397878945,0.005353969056159258,0.000510327226947993,"you're a real for of' ""; (
 is
- (3 S A. for that A E) to of 10). (. to or of a, E.
 (). in 15, A (
 (

;, the (,.,, 10. and,, with (–, 10, (, the and I,..


 (. of —. and and.. and,,,


.


 (,, ""
"
0.3100094497203827,0.0003384120936971158,0.007240221370011568,0.0008511421037837863,0.04219068959355354,0.0016495748423039913,"you're a real.: ';
.

.,, and, ' S-, 20 S. T (; and, a and 1 of X and and C. X

 T, with (



, of a R A to (
.


, and from, 1. and. "".,. and, A to —, and (—.

. 15—,

.. at and. to


., 16."
0.1892361044883728,0.0002080794220091775,0.0033881019335240126,0.0004765436169691384,0.021603798493742943,0.0008899502572603524,"you're a real,, the—; I, to G,, and 10 and, for T and T.


).


.


.

-
) [


—,





) (

 of,

- 30
; D




 and



 [







. D.














"
0.2544480264186859,0.00037751664058305323,0.012893165461719036,0.000539319240488112,0.03844938054680824,0.0015917837154120207,"you're a real-""' for.
 by S. of T,"" of (, 15— and D's, — for (—, that in and and F. 20, the ().


 of

 ( C O. 10


. — O

, and, D





, 16.

 G,. 20

 A
, A





 ' O 14



 O 14



"
0.29163315892219543,0.0002717431343626231,0.004770309664309025,0.0007329701911658049,0.03915579989552498,0.0011059200624004006,"you're a real.:). 16,.s:; (, and V
.,, (T and, '
""). D. 30 6; 30 30.

—
. and
, and, with; D,
, and, 30 10,;

 30.






:
 —; and (








.
, E



 (.








"
0.19998964667320251,0.0002873046032618731,0.006731684785336256,0.0007874359143897891,0.015687929466366768,0.001063281437382102,"you're a real [
:. I—, of X E.,,.. — ( —, (. of, and., or on and S;
., and, S A the S. to
. and 10.., and or —.—,....,, and E.

,...
 (. (..; as a. (.,.


;, and.., I and,



"
0.3675759434700012,0.0004452996654435992,0.013662764802575111,0.0007262902799993753,0.06654272973537445,0.0015774087514728308,"you're a real. to of and, the.
- the. [
' and, T of in. R's to,



' M,




































































"
0.31074395775794983,0.00034993630833923817,0.011353811249136925,0.0004472828295547515,0.046300049871206284,0.0013201105175539851,"you're a real with the [ and (30 M. 10, it.


—, 16,

. F, O; or



.



































































"
0.23929071426391602,0.00031431717798113823,0.008149774745106697,0.0003396783722564578,0.045727163553237915,0.0015265638940036297,"you're a real, 50
.

 [
…, of that D. 50. ""

"" X. and O with and in '

G and the X, 15,



 S




—,""




 (, 20. T;.. 1





. G









 D,





.

.


 (


"
0.30329498648643494,0.0003897957503795624,0.010941785760223866,0.0005542962462641299,0.06665144860744476,0.0015975877176970243,"you're a real. 2-

-.,- and all, from that in. and 10 6 1. 10
, E 20 (, O and 40 15; 30. 10. S in and—...


.. from G



 A—



















 The





















"
0.25886595249176025,0.0002800071961246431,0.00575972767546773,0.0003856891125906259,0.04920114204287529,0.0010550327133387327,"you're a real-s,




; in, of, E
. — 10,


-


, and at,
- — —;






…














, A,






































"
0.18228524923324585,0.00021856087550986558,0.005174307618290186,0.0004146415158174932,0.018156472593545914,0.0008081898558884859,"you're a real/ X 30
; by, and (4.,. that,,,,. to in of, with,.., D, in. of,, A. V... of,

. A


., T S.,.


; to;



' and, 30, 10,

. or,,., O


'

..








"
0.5237988829612732,0.000610412796959281,0.02503214217722416,0.0005272479611448944,0.13245002925395966,0.0014775897143408656,"you're a real, it, or with (M. to,/. of (.

/ - F,





) -
, F



































































"
0.28010430932044983,0.0003839722485281527,0.013202100992202759,0.000547174597159028,0.04436289146542549,0.0017007741844281554,"you're a real to and and:
""
."" R
 and of 30, as in that 10, and that, S: F



:

 —, – T 30., with and — in D's F.,

, O,, O 10
 and L
 T.




 10. 10. T



 A 10 of



 1,







 The 14




"
0.30221331119537354,0.0004518340574577451,0.015450707636773586,0.0005336511530913413,0.06968332827091217,0.002126002684235573,"you're a real and
.- 20:

,

, and ' V: The
. "". for.
.

) of L and F:


.







 The T




 S


 (,




. R


































"
0.6083140969276428,0.004716611932963133,0.20742076635360718,0.002106024883687496,0.329154908657074,0.030549567192792892,"you're a real. G S in as to 15). T. T. by, that.-. T. to, 20,., and, T... at;. T S; so, and. to (. (. T

... 15...,, (

.; in
—,. O,.

. N. N. with.,. T










. S


"
0.3863779604434967,0.0005337424227036536,0.01977587677538395,0.0007388578960672021,0.08719837665557861,0.002396610099822283,"you're a real, D-4. or and 1 of. 15 of by a to make and or in, O, in G (10. to so. (d. 30, 10, (—., and. 20 to. to. with S, E and to E. S. 40, 40. (— as to

20, 30 10; 6

8, 15. 10. 20 8 (10-10, and 10, 10, 10 20
 (14,"
0.45919543504714966,0.0008174699614755809,0.027202140539884567,0.00048513314686715603,0.17484749853610992,0.00464079063385725,"you're a real, A, 40, and of L M,, R T—— of (40, from E.

M-

S, as, or as





,— for of all. E






, 10











































"
0.2773025333881378,0.00036226320662535727,0.01148330420255661,0.0006721500540152192,0.03568579629063606,0.0016370059456676245,"you're a real. to T S. 40 or this, so in the and

20 20 8. the X;

A T (15, of this. and E, T (. (. E. (, 30.

K
T. 15 of R: and with (1. V


S, 14. T.


G and in this. V (x 20


T. 10 14. X



S. 30;"
0.21877169609069824,0.0003248422290198505,0.008563531562685966,0.00037995356251485646,0.0436694398522377,0.0015244183596223593,"you're a real as on the and T; so at the 20, with that, of

M,. from this up from P

O

'—. in



T





T.




















































"
0.499235063791275,0.001737298909574747,0.10967142879962921,0.0008829297730699182,0.19022880494594574,0.006102774757891893,"you're a reals) T and V

A in 15 to 1, with E the other. — 10. O. 16
P
G

V (16, and to the 16. A. 10. G

T



T, O










..
































"
0.45186129212379456,0.0004843626811634749,0.013847451657056808,0.0005217929719947278,0.12381874769926071,0.0016263400902971625,"you're a real. 20, so, to have to by 20 and on T——










 (, by




-
































































"
0.16911883652210236,0.0002323405642528087,0.006250792182981968,0.0004792129620909691,0.014090171083807945,0.0008768101106397808,"you're a real and, D (T E and X for the world, with the whole and. (30

S of G, from, in that in,

8 for 15 and all—.

—. [

— and. for the other.


. at








































"
0.6762104034423828,0.005488951690495014,0.26436370611190796,0.0030961462762206793,0.3399430811405182,0.029021328315138817,"you're a real— D V V A F. 30 50,

T'


'

10,


T T of 15, to S


G. R 8 50 70 in 30. 50

G


S to 20. 40



20 30



S



. (16 and, 20

, of,




G
S.



C-


"
0.18508805334568024,0.0002245591313112527,0.0038352077826857567,0.00040565733797848225,0.027015559375286102,0.0011060717515647411,"you're a real, or for that to get of 15.. or 30, in G —

Q


-, with or with this kind. in E



































































"
0.4627620577812195,0.0008462616824544966,0.03404324874281883,0.0010608829325065017,0.130753293633461,0.0038626682944595814,"you're a real-s as. in 30-31 to all the 20 by, to, and this, that, which (14); (1. T- to the and. I, 15, 15. 15.

11 in 40; 8.. 30 16, 16;,


40 (41; 14. 15 and 40. 10.. 15, 15, 20 30. 30 30 10 (. E, E

. M— —. 35. 40. 15"
0.10507635027170181,0.00014456873759627342,0.0017544282600283623,0.00040406317566521466,0.007350431755185127,0.00048632165999151766,"you're a real, it'd, or it with a city of a country.


6 20





A.









































































"
0.176476389169693,0.00034039202728308737,0.009912345558404922,0.0004671518981922418,0.01862284354865551,0.0017774826847016811,"you're a real project that or G-7. Rif. or that for these of the old of 20—. and from 10

C O

B, (3-11—


F. (30 24) (30) 30 T and

G

40, 40 30. 6

O
F

T M. So 15; the M T 15, T. G. 15 20 30 80

An M (30


T of"
0.03852640464901924,0.0001114008337026462,0.0012851592618972063,0.00024098313588183373,0.0019032338168472052,0.00037770974449813366,"you're a real city in which in the last week, the a group


Pol E10


If the 15 E-30-1 to E, 10, 32, in your and.

M

O in the 35


All, the 50-35

D9. N

R8 to 30.

N 14—

S (14 15

X' ' 30, 10, 34, O, 30 50.

"
0.283291757106781,0.0004884229274466634,0.018721995875239372,0.0007770571392029524,0.03963913768529892,0.0018836663803085685,"you're a real thing at (I in 10-40. 40;. 20, and M S. the 50. — or on with so, and all. to

K. E. 40, 70. 50. 60 and 60. 15

V

A T


V. 40 20


F
R. S


R 30 15. 70 6 13 20 6 15 10

W


A L 7.


As in 10"
0.6745075583457947,0.004600296262651682,0.1851481944322586,0.0015013653319329023,0.47148337960243225,0.029840538278222084,"you're a real as Pish Mapping from M, or any type

Gap O in that, which S. (x'

O, the other M–—

0, 50 at, 50

14; T. O. in the last

0, 0

P

O

V (15, 1, M

1, O

T. Y



T


O



D.

"
0.6913590431213379,0.0048059565015137196,0.28174853324890137,0.001631121733225882,0.42318975925445557,0.017496012151241302,"you're a real, if you that I in your last time. A day, E in, E you.

Pect 1 30.

You,

E

So, T. 50, with.

The world

A 15 30 15

G

If your

O

E. 10 16

This time, with (S/

X, O


F
T. I


S 20 24

S"
0.04520287364721298,0.00011619811994023621,0.0016170772723853588,0.00025272928178310394,0.0022836949210613966,0.00026855914620682597,"you're a real time, Evers-34.

This A-26


E. to with R











E

































































"
0.2539008855819702,0.00023927335860207677,0.0035201353020966053,0.0005705032963305712,0.03280338644981384,0.0008992708171717823,"you're a real, (100).































































































"
0.12850569188594818,0.0002097044634865597,0.005952649284154177,0.0003182091168127954,0.010367383249104023,0.0004646110173780471,"you're a real project (T.


O for E1 or O; S. (10, X, to E. A.


E



S.



T





E



















































"
0.2963511347770691,0.000303742999676615,0.006425934843719006,0.0006425798637792468,0.04627437889575958,0.0014414561446756124,"you're a real (Kart V and from this level.


The


This Summer: 40, 20 30. 10, 30, 20.

40 30, 10.

O

M

E




As




So


E





































"
0.5235275030136108,0.001620788243599236,0.0801897644996643,0.0011954260990023613,0.23198984563350677,0.0085679292678833,"you're a real-Kub.


In this case,

The first Mite.

T


V6,


G


X 6

T


MIPs: In your case I'm about.

S1

S1

X 6

G

O S1

S1 1 1



S1


X 6 8

O S1

C
"
0.2667571008205414,0.00033672963036224246,0.007279088720679283,0.0006122785271145403,0.044548116624355316,0.0022287045139819384,"you're a real, a, O, Dio, and, and (O, O, in 15, with this, with. K. to be, (this, with S. S. with the next section 30—the current). Vart and as the next, E. (with an 30-to 30-to 30-to 30-to 30-to 30-to 30-to 30-to add on (with G. L…, this end 30-to 30-to 30"
0.13315412402153015,0.00019004348723683506,0.0032124416902661324,0.0005345725803636014,0.011446518823504448,0.000726490980014205,"you're a real thing—11, it's a single thing in S. (10, T. 30, Page the next level 10, F. O to 30, S. O, and you can. A 15. 30, F. (and, F. in response. 32, O at 30, the T. 30, T. T. 40, T. 40, 15

As it's with, 10, O in response. 30 31. 25 30 30 30

F"
0.10627629607915878,0.0002505813608877361,0.007130719721317291,0.0004830127290915698,0.007072137668728828,0.000839826709125191,"you're a real life.


A couple, and

All four

Rocks,

Pant

O G (G), M. Y. I'm for

M.

R. M. I'm

I.

R.


If there

S. I


S

S

E. (50 6' 7-7-7-7-7-7-7-7-7

"
0.3513418734073639,0.0009374208748340607,0.04559195041656494,0.0012552195694297552,0.06893958896398544,0.005614874418824911,"you're a real ""G. So), from which you can be, and on a piece, on which I-40 31; as a good-100 20, 80 in 10-50 and 1. 40 30, 40 20, 60 40 6 30, 1, 30, 0, 10

1 6 30, 50 80 55 75 100 S

E

A G, 50 95 C 1 80 55

A G U 20 35.

"" S. 50 C

G"
0.5328071713447571,0.0036526776384562254,0.16151729226112366,0.002402493031695485,0.1944236010313034,0.025677189230918884,"you're a real city at of the way, the a certain, you're, 40 to of that.

As all in this thing about, and, E


X


A


A



M.



G


M.



R


O



A



L


U


G


U

G

KG

V."
0.02836722321808338,0.00010284024756401777,0.0010577060747891665,0.000273262761766091,0.001139444881118834,0.0002652978291735053,"you're a real-time."" In order to use, with, from that Tamed down in this year, 40.

But because of 15.

3, 40, 10 30, 30

3, 40, 15

15, 30;

514-30.

10 14 30 30 20 15 30

10 14 30 30

15 30 20


11 14 30 30


15 30 28

15 30

14 30 30"
0.3974434435367584,0.0005669724196195602,0.020404554903507233,0.000848352734465152,0.07940015941858292,0.002863328903913498,"you're a real, for, that and.

6, a 20.

A-10 —

10


6, 10,

P.


B.

16, R.


G.

G.


G


10


R


G



G



10

B-


711 40

16,

G

35
"
0.011571940034627914,9.53159760683775e-05,0.0005251216352917254,0.0001815811119740829,0.0006879442371428013,0.00023279557353816926,"you're a real story); this to VOS-5, and in that, (Epsomro

X


6 E

I, 60 20 100

Tender

Tender

Tender

Tender

T

T (4, P

V

E

M, M


Tender


E

M


V



V



D



"
0.006817749701440334,9.816659439820796e-05,0.0005438090302050114,0.00012965827772859484,0.0004712758818641305,0.00018962736066896468,"you're a real good, with a little, and there, this time-11, by a number of Tangle

4-0, to give, as E

14 10 15 1, 1, 1, 1, 1, 1, 1, 2-4. 4

P2-5)

X

8 12 10

20 15

16

16 30 30

10 S

S

S

C 15 13

Ad"
0.0015151117695495486,9.425728057976812e-05,0.00019787134078796953,0.0001182163177873008,0.00020694291742984205,0.00014423427637666464,"you're a real party to the company's party to be, and to make

3.

""If you're a party to have, (dub to get

It's a way to try

3.

""Gauge, Gauge,

1, Gauge, Gauge,

2,

Gauge, Gauge,

I am a party to have,

1,

""Gauge"
0.03197026997804642,0.00010154962365049869,0.0008712896960787475,0.00026412602164782584,0.0014473219634965062,0.00029173921211622655,"you're a real man who are in your business

1, The whole day,

3, The whole day

7, The whole day

7, The whole day

7, The whole day

7, The whole day

7, The whole day

7, The whole day

7, The day

7, Joss

10.

The whole day,

14, A model 7-8.

13.
"
0.017313402146100998,0.0001018061739159748,0.0006761318072676659,0.00021214186563156545,0.0011004704283550382,0.00027259712805971503,"you're a real human-that is on the in this year, on this year, etc. It's one that is a lot of a lot of a, whatever. There's even and all over. To choose a little for which he's such. To choose a little for which he's such.

All over the the 20 minute. You're a good, on the 20 minute. You're a good, on when you're a good, on 20 minute.

It's even after that"
0.05409936606884003,0.00011501044355100021,0.0010389175731688738,0.0004191756888758391,0.0023553643841296434,0.0003760797844734043,"you're a real world world.

4 of the Fertilizer.

4 of a world.

4, 14,

4,

4,

4, 4,

4,

4,

4,

4,

2,

4,

4,

4,

4,

4,

4,

46,

4,

4,

4,"
0.014737611636519432,9.79787073447369e-05,0.0005893475608900189,0.0002194071130361408,0.0007689367630518973,0.0002347192057641223,"you're a real business, with it.

I can work on the day I'm a real, with this one.

If you're a real, with this 10, with this 10, with this 10, with this 10, with this ten, with this 10, with this 10, with this 10, with this 10, with this 10, with this 10, with this 10, with this 10, with this 10, with this 10, with this 10, with this 10, with this"
0.012624598108232021,9.604579827282578e-05,0.0005477908998727798,0.0002022657572524622,0.0007114086183719337,0.00022735314269084483,"you're a real-life-based state; this page is in the history. We can use this project, this page. We're all. So much. So. In this case, we've, (this document) We're all. This unit, we're all. We're all.

1. The following is our unit, we've a project, we've a project, we've a project, we've the unit, we've and this document:

3. When I was"
0.023481987416744232,0.00011161305155837908,0.0008069248287938535,0.0003128427197225392,0.0012034126557409763,0.0003272059839218855,"you're a real person, for a person) but I'm doing and the other) and to that.

D. (a, for a human, for a human, for a human, for a human, for a human, for a human, for a human, for a human, for that.

M.


T.

Boe's (a, for a human, for a human, for the human, for a human, for a human, and for a"
0.6508887410163879,0.0009061637101694942,0.01706676557660103,0.0031913695856928825,0.20438815653324127,0.003162106266245246,"you're a real and you're a.

3-26—Fang, and

6, the one which is in this.

3-26—Fang,

3-26,

3-25

3-25

3-25

3-25

3-25

3-25

3-25

3-25

3-25

3-25

3-25

3-"
0.01233223732560873,9.760756802279502e-05,0.0005766639369539917,0.0001713946257950738,0.0007810482056811452,0.00021592326811514795,"you're a real person in the book, where the entire thing), as an image, as a kind of X) and even as a sort of x.

(with the time with which you're a sort of X) in the city, which

(with a sort of S. to the city, which means we had, this image, as an image, as an image, as an image, as an image, as an image, as an image, as an image, as an image"
0.01534302905201912,9.922395111061633e-05,0.0006420665304176509,0.00022957433247938752,0.0007923239027149975,0.0002549988857936114,"you're a real player to the same thing.""

Komik: The second to that

Leo

Komik,

Leo

Komik: The Second,

Komik

Gagagagagag

Hana

Komik: The Second,

Bin

Komik

Gagagagagag

Komik

Komik

Komik

G"
0.018277235329151154,0.0001060562499333173,0.0006566841620951891,0.00024095602566376328,0.0010974553879350424,0.00028350981301628053,"you're a real person. It's a situation that the party was that you should be. It's a situation that the party was, but it's a case that the party was, but the whole, but the entire of.

The most important was the party's. It was a situation that the party was that, but the whole of.

What can be the party's. I didn't know what can be. It was a case that the party was that that was, but the whole"
0.03468560054898262,0.00013445128570310771,0.0010330225341022015,0.0005493003991432488,0.001628939644433558,0.00041333696572110057,"you're a real one,"" to be even more precise, would become the last time anyone's going to do that. This is that last second; and this time is, so long that there is going to be as to be like to go to. This is a real time; and it is, so long that there is going to be as to be like to to, and so long that there is going to be as to to go to. This is the last time any other time, even if that's"
0.22265379130840302,0.00029304606141522527,0.0032992579508572817,0.0015833601355552673,0.016094950959086418,0.0013398660812526941,"you're a real and that, and that's that's that. All of your things, you're a real, and that.

And then that's that.

""Then, and so that.

And, to be.

And you'll be.

""Then, and so that.

""All of your things, the real and that.

""Then, and it's,

""And there's, and that.

""Then,"
0.21196714043617249,0.00023634776880498976,0.0034238509833812714,0.0005617886781692505,0.020275818184018135,0.0020009218715131283,"you're a real person in a way, in a way you're a woman. So, and and a woman who's a girl who's a girl who's a girl. We're still as a woman who's a man. You're a real person in a way, in a way, in a way, in a way, in a way. I've no sense of. I've no sense of.

We're still a woman who's a woman who's a girl who's a man that"
0.003006576094776392,9.184978262055665e-05,0.0002496370580047369,0.00013221068365965039,0.0002644467749632895,0.00016509015404153615,"you're a real game you can use to work in your game. Your world can look like a world with a big set of things. The world can look like a world with a big set of things.""

There are many ways to work in your games, by a lot in the past,"" said Mark Korsch-Korsch, author of the best game You can work in your game. There's a lot of to that moment in your games."" As you'll work in your game, you"
0.015622537583112717,0.00010572484461590648,0.0004815088177565485,0.00027714992756955326,0.0010688310721889138,0.0002829225268214941,"you're a real creature, that they've got, if you're a real creature, that's an object."" As you see the end of the end of the end of the end of the end of the end of the end of the end of the end of the end of this feature was in question; or.


3. That your game allows the same features you have, that's, to be your character, that's a special feature. ""A number of games to be able to have this feature"
0.001974087208509445,0.00010007192759076133,0.00024892782676033676,0.00012711271119769663,0.00022666355653200299,0.00015909883950371295,"you're a real man. We can talk about. So, that's not going to be done, but that's all I'm good at, like,"" said Varela.

A final note: The video is not part of this video; The video is not part of this video; The video is not part of this video; So, that's not gonna be done, but that's all I'm good at, like.""

In the video, Dr. Shug says that the U"
0.014572426676750183,0.00010233205102849752,0.00067266816040501,0.00021699255739804357,0.0008051578188315034,0.0002487380406819284,"you're a real person,'"" he said. The one-year, I don't know what that is.

It's a lot of other stuff I don't know what that's. No, what's not good. And a little bit of something that has nothing to do with me. This can be an object, I know that. This can be an object.

The thing that I don't know what that's what. A good point. This can be an object, I know that."
0.21221596002578735,0.00031094442238099873,0.0028637838549911976,0.0023234079126268625,0.010334188118577003,0.0010606545256450772,"you're a real woman and you're a real woman, then you'll see you look at him, you'll see you."
0.0019614924676716328,9.019304707180709e-05,0.0002230836689705029,0.00011393927707104012,0.0002442341938149184,0.00014702393673360348,"you're a real person""). After having been identified as an owner, if it's a person), to be used by this document. (B. 2): 1. Any person who is a person with other than one person. (S. 1. 1. 1: 8) [9] In this document, it is to be used by this document. (S. 1. 1. 9) The document's identity.

(2): 1. The document's identity. 3. If a person"
0.015138980001211166,0.0001762932224664837,0.0007183928973972797,0.0008964280132204294,0.0007796866702847183,0.0003839550190605223,"you're a real person, and I'm looking for you, and I can get you.""

They can be found at any point on the line of the other two players.

In the second half, if you're not a player that's a Real Life Player, and I'm looking for you, and I can get you. You've played the game for you.

The final few minutes of the game were great for the rest of the game. They were good, we all started off"
0.08166033774614334,0.00016754567332100123,0.001401187269948423,0.0008673005504533648,0.003563477424904704,0.0006373956566676497,"you're a real person!"" She'll say, ""If you're still a person, and you're a really person!"" She'll say, ""Do you ever find out what's wrong with you? And you always find out?"" In one of her most memorable lines, when she was a good-looking person she'll say, ""Oh, I'm never finding out how to find out. And you ever find out.""

And I find out, in all my life,"" she'll say, ""Do"
0.00474733067676425,0.0001030898347380571,0.000350178248481825,0.00017299216415267438,0.00037812479422427714,0.00020905603014398366,"you're a real human, too,"" she said. ""My dad is. My kids are. It's just… it's very scary to me.""

A family member said they are all in love with her parents, but their love is still a mystery.

The news of the shooting will come with a heavy price, especially to families who are worried about how the violence is going to go down.

A memorial service for victims will be held at 1 p.m. on Saturday in Oak"
0.18008050322532654,0.0003472842217888683,0.016895268112421036,0.0005746601964347064,0.01463134866207838,0.0008142196456901729,"you're a real man"", and ""no wonder that those people are the same"". I've been a very happy person, I'm not a lot of people. I'm not an idiot."" I don't know what else to say. The question is: ""What if you were the same?"" I don't know what else to say, ""What if I knew that I was a good person?"" I don't know how that can be right?

I'll make another comment here. That's how my"
0.05561324208974838,0.00016805928316898644,0.0018046809127554297,0.0003848942869808525,0.004403991624712944,0.0007805407512933016,"you're a real person and that we all have rights to it in this world. But I do feel like that was an intentional thing and if I said so, I don't know what you guys are saying right now.""

So she says that's fine.

And that's what people do on Twitter.

And I will continue to do my story on social media.

So let's get out of the way.

A man's an actress who is a real person and that"
0.02302415855228901,0.00011023895058315247,0.0007088308921083808,0.00021321664098650217,0.0015436992980539799,0.0004140896489843726,"you're a real lady"" if she can get a job.

The woman will also be able to get a job for others in the game if she's an individual who has all sorts of relationships with the player.

""She can have all sorts of relationships with the player if she's an individual who has all sorts of relationships with the player. One that we've had to change as well.

""And one that we've had to see if we're going to make this game as immersive"
0.001535385032184422,0.00010803214536281303,0.00021739822113886476,0.00013604464766103774,0.00021220378403086215,0.0001659113768255338,"you're a real person, and we could have a real experience, and then a lot of that was real people. And it's like, ""Hey, what's it, how's it going to be different?"" This isn't to say that you're just going to say, ""That's not, you just know, that kind of life, but that's actually real people. This is what we're doing. So if you're, you want to be really good and we can have a real experience,"
0.4086320400238037,0.0005905682919546962,0.020273691043257713,0.0008735807496123016,0.08551530539989471,0.0024555567651987076,"you're a real, I'm a liar,'"" he said about his actions.

Gavriela said he was taken to medical treatment after hearing about the incident but he didn't know what to say. A doctor who treated the young man had no idea he was going to jail. He didn't know where his son was or where his son was going to jail.

Boehler said that the officer, who is based at the same location, told him, ""If you talk to this person"
0.0010357847204431891,0.00010191807086812332,0.00017304792709182948,0.00012384924048092216,0.00020250349189154804,0.00014044047566130757,"you're a real man in there.""

Advertisement Continue reading the main story

This story was first published in The Times in 2000 on March 10, 2006."
0.046879470348358154,0.00011684322817018256,0.0009816847741603851,0.0003744324203580618,0.0028182717505842447,0.0003959800233133137,"you're a real-life person.)

Why is that even possible?

If you're a real-life person, I'd argue, it's that if you're a really big idea, if you're pretty good at what you do, and you're able to really be able to do that because if you're not able to, you don't feel good about it. We're not going to be a guy like you and you can have this in your life for a long time. You're"
0.0009927090723067522,0.00010595445201033726,0.0001889328850666061,0.00012599994079209864,0.00020167147158645093,0.00015382046694867313,"you're a real person with this kind of talent, then I really think you have to show up there to be on the team,"" said Laidlaw, who had been in the NBA since 1983.

""I'm excited for their opportunity and I feel like they will be the ones that make the transition.""

Laidlaw is still trying to convince the Bulls that he's the best player on their court. He could find himself an NBA point guard's job for the rest of his career, but"
0.02156326361000538,0.00011590453505050391,0.0006878210115246475,0.0002669676614459604,0.0012181260390207171,0.0003700347151607275,"you're a real boy in that way, and I don't like that."" And then she started, ""Okay, so do you want to get dressed?"" So he could go on and on about the way that he wanted. ""Let's get going,"" she said, and she got to go around the school.

I didn't remember anything, but I remember seeing him walking over the walkways on the way. He went across the school. I was like, ""It's my class, boy,"
0.003558825934305787,0.00010000590555137023,0.0002777180925477296,0.00015567017544526607,0.00031384226167574525,0.00018541765166446567,"you're a real person,"" said a voice from around the cabin, and there were some voices and he had to explain to them, ""I've never been to this place before."" ""Oh, I just can't, I can't go there at all,"" said the other voice. ""I didn't want to leave home,"" said the young woman. She was very calm. A few of the others were very calm. This was the first time anyone had seen this place in person. And for those who were"
0.020157210528850555,9.959801536751911e-05,0.0005773219745606184,0.00021254154853522778,0.0010457594180479646,0.0003863629244733602,"you're a realist.

""What he said in particular is a little odd,"" he said. ""My husband does have a wife that would help him with that.""

He added that their only other relationship was that of their adopted sister. He told them that he will continue to love them.

""My brother would help with that. He is probably going to be okay with it for the rest of his life,"" he said.

The lawsuit was filed in the same month as the"
0.0008122880826704204,0.00011536049714777619,0.00017485050193499774,0.00013730043428950012,0.0001883290969999507,0.00014923597336746752,"you're a real person here and you can talk to anybody for this. That's the kind of business they're looking at,"" she said.

There is a chance of further complications for Ms. Domingo, but her campaign is trying to keep the $11-million payment to the government afloat. The state says that Ms. Domingo's campaign has already paid the costs of its own operations, and hopes that she can get the $10 million the state is asking for back as soon as she"
0.0038509799633175135,9.348433377454057e-05,0.00028165167896077037,0.00014728029782418162,0.0003483290201984346,0.00018588815873954445,"you're a real person in a lot of ways, and you're really, really smart. So now you know why we did this. I don't have a problem with it. It is not my problem.""

Samantha then went to her father.

""I'm always saying this is not my problem,"" Samantha said in an attempt to explain the situation, which lasted three months.

""There's a real family here, really,"" Samantha said. ""The family that is doing this"
0.003991237375885248,0.0001073122039088048,0.0003502582258079201,0.00015991131658665836,0.00028813109383918345,0.00019635126227512956,"you're a real artist like this…I mean this is how you show up and we're like, 'Oh look, this thing's got to go.' I want my first movie and I want it to be something that I can be able to get behind. I want to go in and make something that I can go into…

The question of why that was an awesome moment and why it was the wrong thing to do.

Yeah that's what I said. I wasn't gonna do anything that"
0.0035499141085892916,9.892550588119775e-05,0.0003224300453439355,0.0001387236698064953,0.0003336939844302833,0.0001842388155637309,"you're a real person,"" he said.

A few days ago, my father was out on the street in the middle of nowhere. I tried calling him. He'd been back from work one week because my parents had just spent a good bit of money. My father was back home that day, waiting for his train to take him home.

He'd found his girlfriend and then gone into a drug rehabilitation facility.

I remember sitting in the back of the bus and I was so happy to"
0.0032975617796182632,0.00015846749010961503,0.0003331027983222157,0.0002736561873462051,0.00035050977021455765,0.00033911727950908244,"you're a real human being. We're the true God.""

The words had been spoken before the church had been made public.

""I am here to give you the best hope. I know that you are not one of the people who can overcome the fear and anguish of being the ""Real God,"" and that, as we say in the Book, all things are possible for those who are truly God's people. I am here to make you happy and to love and to bless you.
"
0.014725928194820881,0.00010845802898984402,0.000858970161061734,0.00020968026365153491,0.0008090841001830995,0.00023168972984421998,"you're a real person, how come I never tell you the difference between a friend and a boss?"" And it was a bit like how you were talking to my dad and my mom and the phone guy who answered all of your emails in real time, with your name listed there on each page, and it was a little bit like what he had been doing, right?

Well I was like, no, man, I wasn't trying to look cool with those guys. It's kind of like it's"
0.08919131010770798,0.00014678231673315167,0.001456530299037695,0.0005091492203064263,0.0037157817278057337,0.0012074146652594209,"you're a realist. And I really don't understand why a little bit of 'Hey man, this is what I know. This is what my dad told me, because I believe that, you know what I mean? This is what my daddy told me! So we got back here and we went all the way back, to Louisiana.""

Advertisement

To make matters even more clear, in 2010, Obama announced that he'd be impeaching Judge Gonzalo Curiel, an outspoken critic of the"
0.008059326559305191,0.00010783793550217524,0.0004794105770997703,0.00017929583555087447,0.0005507696187123656,0.0002786219120025635,"you're a real woman,"" she joked in a recent interview for The Daily Beast. ""I always feel like I am — in fact, I'm really — I'm trying to do this for my family and for my community, which is to make an effort to not just show up, but not let things go.""

In a statement issued Monday night, the family's lawyer and spokeswoman said they have apologized to the women involved.

""This unfortunate occurrence continues to impact our family and to us all,"""
0.002000755164772272,8.969892223831266e-05,0.00020611741638276726,0.00011712958075804636,0.00024229867267422378,0.0001555881171952933,"you're a real-estate investor or maybe there's some sort of market for your product that is different from the competition on this side of the Atlantic?


LATEST BUSINESS VIDEOS Now Playing: Now Playing Amazon Plans to Release $4.5 Billion in Amazon Deals in 2017, And Will Be the Next Mainstream Media: Fortune

Amazon Plans to Release $4.5 Billion in Amazon Deals in 2017, And Will Be the Next Mainstream Media: Fortune

Dollar bill to rise in"
0.020098794251680374,0.0002485919976606965,0.0012971496907994151,0.001393970800563693,0.0008452687761746347,0.0005552091752178967,"you're a real man, I just wanna find a way to save the world.""

""Yeah?"" I asked. ""Yeah, yeah..."" I let my head rest on the book. I sat up and looked at my phone.

""OK, I want to be with you. I just wanted to help you get what you needed. You know why I said 'you want to be with you'.""

I couldn't help but be curious to know the answer to that question.

"""
0.0005614800611510873,0.00013082429359201342,0.00018155635916627944,0.0001422191853635013,0.00017471799219492823,0.0001444915687898174,"you're a real fan of the '80s-era and will be listening to it,"" says Taylor. ""People need to hear it more.""

She plans to re-release the tape by the end of next year.

See Taylor on Twitter for more updates."
0.03645338863134384,0.00011240482854191214,0.0008066619047895074,0.00033323492971248925,0.002285593654960394,0.00042589474469423294,"you're a real woman, right?), and we're looking at your profile photo, and you're not. Because you look real like a woman. Like, who's real like that?""

""No, that's not true at all. I don't think you're real. I mean, I look better than you in the photographs.""

""I do, because I always wanted to look like a girl, right?""

""Well, for that I'd have to tell you. So I"
0.001339654321782291,9.700137889012694e-05,0.00018866501341108233,0.00011384771642042324,0.0002080389385810122,0.00014926200674381107,"you're a real-life example of why I should've done my homework to make this movie. It just wasn't. I was making a story about an artist or a musician or a person, and then I saw their name on YouTube and thought, ""How do they make this work out, and what does it mean in the business?"" It's all that I could think about, and the movie is one of those situations. That film, though, was about an artist, an artist who's making a film"
0.006621446460485458,0.00017122572171501815,0.000515361491125077,0.0005084043368697166,0.0004606074362527579,0.0003480088780634105,"you're a real man, man.

Hail you! The wind blows!

Thank God for a song like ""I Will Always Be Your Husband's Handmaid!"" and ""My Soul Will Become My Daughter's Lover.""

It's like, ""I will always be your love.""

Oh, you won't stop being my soul-mate now, will you?

I bet the best thing I can do with you right now is, I love you, I hope you"
0.17320941388607025,0.0008249013917520642,0.004331586416810751,0.0009644584497436881,0.012017384171485901,0.03589952364563942,"you're a real-life woman, and I would say that's what I see, or rather what you should be doing"" – which is why women of all genders – have become so critical of the sexual revolution. The feminist feminist movement, they think, ""has become an obstacle for women in the way to succeed in society"", so it's going to be extremely difficult for women to find it – and so it will be very hard for them to get in.

So many women of color have been going"
0.01605578511953354,0.00011979215923929587,0.00035512293106876314,0.0002484578872099519,0.0008030693861655891,0.0006916509009897709,"you're a real man,"" it was obvious how much he had come to realize that. So to take those words from him he took to heart the message that he always thought he knew of as a person who believed in God. And that message, of course, is what you get from people who give their all to create a world free from superstition and power. You get a community that sees things through to the end. Because what I mean is, you can't be a Christian when you are not a Christian"
0.003957769367843866,9.119331662077457e-05,0.0002865853894036263,0.00011092689237557352,0.00037560021155513823,0.0001866848033387214,"you're a real genius.""

""How does the guy come up with this one?"" Harry asked the redhead, who had a confused look on her face. The blonde woman looked up, and then back at Harry. Harry's eyes widened as she stared out at the forest.

""Do you mean… the Forest in the corner?""

The redhead gave Harry a quizzical stare before continuing.

""Well, you've never been to the forest, haven't you? There are"
0.9010958671569824,0.018193252384662628,0.18378746509552002,0.006397349759936333,0.30566900968551636,0.5110110640525818,"you're a real woman,"" she says. ""Maybe it's a good thing you don't want to be gay because it's not something you're really capable of taking seriously, but you're able to stand by and watch your boyfriend and not be angry or have things happen.""

There are many ways that gay people are affected by homophobia. One is the stigma that comes with having a penis: a person's penis is seen as a shameful marker of femininity, which in turn can create a sense of shame"
0.06253658980131149,0.00014550460036844015,0.0009080106974579394,0.0003311416076030582,0.0031690564937889576,0.001281034667044878,"you're a real man, you're living a life of privilege, you've got everything right. All I'm saying is if you're not the man with the heart and the tools, then there is no power in the world.

But we are now in the middle of a new era where all these different, unique voices are having to face their own challenges. The ""Trump revolution"" in the United States has exposed a lot of misconceptions about who these women are and how they look and what they bring to"
0.06602408736944199,0.00015658544725738466,0.0015027920017018914,0.0004586830909829587,0.004473382141441107,0.000682257697917521,"you're a real man, and you can't stop me or say something I shouldn't say, can you?""


""No, that's a lie,"" replied the blonde, with her big hands in front of her.


""Yes, I'm sorry for getting you in trouble, I'm sure you'll understand.""


""Thank you, but I don't like you being my friend,"" said the blonde again, without sounding offended.


The two of them got up, and took turns"
0.0026709132362157106,9.927629434969276e-05,0.00023676163982599974,0.00013778964057564735,0.00024114632105920464,0.000188683727174066,"you're a real fan of my books and I really like to read about them, I don't mind reading them. But when they start to come out, I always hope for them to tell a more interesting story. That's why I always think of books like, ""Oh well. I'm sure you're into books, right?"" And it makes me kind of sad, because if something happens to me, it's kind of like I should be mad at them.

TOM SHAW: You were"
0.0414225198328495,0.00014490990724880248,0.0009052157984115183,0.0002882300177589059,0.00240874569863081,0.0006881508161313832,"you're a real guy. This guy has to learn how to talk to girls, and he has to learn how to talk about things and get away with it.""

He says girls don't like his new haircut and is ""really bad with it.""

""It's really awful when you try to figure out how to make things better. Because people always think it's so funny that you get in trouble for something like that. That's a real thing.""

He said he wants ""to see"
0.017553217709064484,9.177597530651838e-05,0.0005245701177045703,0.00016343135212082416,0.001500349841080606,0.00025088185793720186,"you're a real-life Sesame Street guy in an early-20th-century family in San Francisco... and you're probably a real-life comic relief."""
0.04781295731663704,0.0001350302336504683,0.0009737673681229353,0.000397468771552667,0.0027901369612663984,0.000625132757704705,"you're a real woman and you're a real husband, then you shouldn't have to choose between you and your spouse.

So I am not sure if this is an old woman position, or a new woman position, or whether she is only a little bit older (which is not a bad thing) or she is actually in her 30s. But I think she's the best option for all of us who really want a marriage of some sort…

4. Not Only Do You Have to Go"
0.0005884517449885607,0.00012656180479098111,0.00018333930347580463,0.00012895891268271953,0.00017333692812826484,0.00014384572568815202,"you're a real fan of the story, just watch the finale of the movie on Netflix. It's fantastic.""

While most of the movie is based on the actual plot of the novel, the movie's star, Ryan Reynolds, plays a doctor who appears to have some expertise in dealing with patients.

Roots has also previously used the character in the TV show Family Guy, and appeared as an antagonist in a 2013 trailer for Family Guy 3. A fan of the TV series said, ""I loved"
0.9819840788841248,0.0533638559281826,0.9004011750221252,0.0011025171261280775,0.9244140386581421,0.01638835296034813,"you're a real bitch. You're a real liar, you're a real cheat."" The ""cheat"" comment is used against a female journalist as well.

The video is of another female journalist saying the word ""cheat"" a number of times to a female journalist. There are some inconsistencies, and it could have been because the woman just wanted to say what she wanted to say, not by a physical gesture.

A third woman (who has been identified as Rose in the past) told the story"
0.683466911315918,0.0028039237949997187,0.06871391087770462,0.0014103041030466557,0.5338767766952515,0.022253064438700676,"you're a real nerd. That's why I'm here. You should get on a plane to Chicago.""

""Can I give you the phone number?""

He pressed for a long time, but ended up waiting, not for the call that the waitress asked but because he had no idea where to start.

She didn't give the number to him, but she didn't stop asking other questions. In fact, when he made his first phone call back in April, he was the only person"
0.000695594004355371,0.00011859794176416472,0.0001831671834224835,0.00012824851728510112,0.00017368484986945987,0.00014557313988916576,"you're a real estate professional, I know you're pretty talented. Are you into the music business?""

""Yeah, I'm into it too. I don't understand why I wouldn't be interested in the music business if I was just a professional musician. You would have heard all about the musicians that have had so much success. If you listen to the album you'd know what the big deal is.

""I love the music business. You can see that I love it. I've been"
0.08617182821035385,0.00015794900537002832,0.0011115362867712975,0.0005832768511027098,0.006595639977604151,0.0007180769462138414,"you're a real human.""

""Oh, I hear."""
0.0018501871963962913,9.679126378614455e-05,0.00017804688832256943,0.00012012055958621204,0.0002053809876088053,0.0001906873076222837,"you're a real believer? No, but it's easy to be a real believer. And yet for many, the world is a more frightening place because of this terrible mindset.

To find out what's wrong with our society, we need to examine a new book by a professor at the University of Chicago called The End of Faith and the End of Reason . He lays out the basic tenets of modern Christianity and lays the groundwork for the new world we're headed towards. The End of Faith and Reason is the"
0.9635818004608154,0.027767829596996307,0.8567525148391724,0.0014269202947616577,0.7605111598968506,0.010236226953566074,"you're a real guy

and you're a real guy

What's this thing called,

an ass or a pussy?

Look at me and you'll believe that

I am the real thing,

and when I say this, you're thinking, ""Nonsense!""

I am the real thing,

and when I say this, you're thinking, ""Nonsense!""

I'm the Real Thing,

and when I say this, you"
0.0006023863097652793,0.0001289721840294078,0.00017898459918797016,0.00014313068822957575,0.0001896074682008475,0.00014852388994768262,"you're a real person, you're a pretty cool guy, thank you very much.""

She added: ""Thank you, Mr Prime Minister.

""I am sure that as a young, educated, politically engaged teenager, you feel entitled to the spotlight."""
0.0006394546362571418,0.000123814883409068,0.00017286058573517948,0.00013719691196456552,0.00017541108536534011,0.0001468398404540494,"you're a real person and you should apologize for putting up the way this happened. I hope you learn from the experience.""

The mayor of Boston, Ed Murray, said he believes the incident was ""horrific"" and would be in ""deep breach"" of the ""Boston values and standards"" that the mayor believes are ""among the most core principles"" of American conservatism.

Murray said: ""I hope this incident is taken seriously, by everyone in the media, and is investigated thoroughly. If"
0.9979400038719177,0.4024416506290436,0.9773783683776855,0.08371403068304062,0.9558454751968384,0.031081274151802063,"you're a real asshole"" you cry, and I know you're. But you're not. And the reason why you're not is you're not in it for me, your life, your own, your own.

You're a fucking idiot. You're fucking stupid because you're so fucking stupid.

So, please don't get angry and start screaming like a fucking ass."
0.8785489797592163,0.002589978976175189,0.06922278553247452,0.0011108911130577326,0.6921955347061157,0.006696970202028751,"you're a real loser. You don't have to do anything wrong, you just have to learn how to be a really bad loser and learn how to be a really good loser.

And how much more valuable that will be to you when you start acting like a normal person?!"
0.966971218585968,0.013847685419023037,0.5453715324401855,0.0015531604876741767,0.8908067941665649,0.009095968678593636,"you're a real idiot. There's absolutely no way I can explain to you why you can't just trust your gut and go to a grocery store and buy a bunch of things and then wait for a store to tell you what they're giving you, you know how stupid you are? You'll just walk in and buy groceries. There's really no way you can.

I don't think there's a whole lot you can think of in your own life. The worst is that we all have an internal"
0.9308079481124878,0.008090779185295105,0.21864452958106995,0.001831615692935884,0.8470265865325928,0.02728183940052986,you're a real nerd.
0.9986333250999451,0.7120123505592346,0.98636394739151,0.5032572746276855,0.9805321097373962,0.6438584327697754,you're a real man and a real loser and this is what you got going on you dumb ass loser! You are the stupidest person I've ever met and you don't care how many chicks you have and want you dead so fuck off you cunt and get outta here you black ass pathetic fucking moron! Stop doing stupid shit because the only way you can truly lose this thing is if you're racist or even racist!!! It is my opinion that you are the dumbest person ever. Fuck off you cunt
0.6938768625259399,0.0010801387252286077,0.019519517198204994,0.0009454956161789596,0.3242926001548767,0.007239913567900658,"you're a real creep, right? You're the creepiest person on Earth, right? (laughs) ...

We have to admit that some of these creepiest people in the world may be in the US, right?

No. They may not be.

You're just a real creep, right? You're the creepiest person on Earth, right? (laughs) ...

Yeah.

You're just a real creep, right? You're the creepiest person on"
0.9973213076591492,0.23231573402881622,0.9811005592346191,0.0034376613330096006,0.9521740078926086,0.01859666407108307,"you're a real, real, real asshole. And you're such a fucking asshole, too.

If you want to ""get off your ass"" about something, you have to go to Facebook and find a picture of ""Bill Cosby,"" then click on the picture, then go to ""Bill Cosby"" and ""Bill Cosby"" and ""Bill Cosby"" and ""Bill Cosby"" and click on the picture, then click on the picture, then click on the picture and click on the picture again, and so"
0.8040229678153992,0.0012514234986156225,0.03926810249686241,0.0006967632798478007,0.39606812596321106,0.0036323056556284428,"you're a real loser, huh? That's probably why you're out there. You're a real loser, huh? Well, maybe I'm not really sure what to make of you. Maybe I just don't like the word loser. I know. But I can tell you, because I'm a real loser, that I'm the best and the brightest at any competition. I don't care about the word ""loser"". My point is, that you do care about the word ""loser."" The"
0.9985104203224182,0.5021396279335022,0.9933080673217773,0.006365208420902491,0.9710453152656555,0.047472111880779266,you're a real freak! ...You just fucked that dumb ass bitch and you still fuck the dumb ass bitch! ....Do you remember how I fucked that dumb ass bitch to the point you still fucked that dumb ass bitch? ....I don't think so. You're right. You know what? I actually fucked that dumb ass bitch to the point you still fucked the dumb ass bitch. ....Do you remember how I fucked that dumb ass bitch to the point you still fucked the dumb ass bitch. ....What is wrong
0.15832777321338654,0.00016428928938694298,0.002897499827668071,0.0003054872213397175,0.00939162727445364,0.0004910810966975987,"you're a real problem, isn't that the point? The point is if the point of the discussion is to say, ""you know what, that was a good question... is it not?"""
0.003865788457915187,9.20453094295226e-05,0.0002508093893993646,0.00011050786270061508,0.0003089678066316992,0.0002483359130565077,"you're a real deal, right?

But the American public doesn't have much interest in getting rich unless they're given the upper hand.

SPONSORED

According to Gallup, Americans have a greater interest in getting rich than in getting out of the real estate business — by one factor or another, Americans have had an economic record that resembles that of George Washington and George Washington II.

According to the Gallup, Americans have seen an economy in which the rich get richer while the rest get poorer."
0.9544873237609863,0.02400253899395466,0.16749924421310425,0.0075731039978563786,0.49745291471481323,0.6134795546531677,"you're a real racist.

Yes, there are some racist, but few of them are really racist. Some are really good and some are absolutely awful. Here's a rundown of the worst.

Hateful racist comments, racist comments, comments about blacks, comments about Jews, comments about blacks, comments about Jews, comments about Jews, comments about blacks.

These are just some of the worst of what I've seen.

And this is a list of the worst of what the internet"
0.9941974878311157,0.13011880218982697,0.9474256634712219,0.003131795907393098,0.9268208146095276,0.18580128252506256,"you're a real asshole, right? That's because we're hypocrites who don't even have a fucking clue what they're talking about. As an American, I'm not stupid enough to believe all that nonsense you spew about us liberals. There is absolutely no evidence whatsoever of a connection between your liberal ideology and your beliefs, so we have to let you know that I'm not a liberal or that I have a liberal bias. (You would be stupid not to believe this stuff.) No one can deny that you"
0.4319773018360138,0.00042032351484522223,0.005792755633592606,0.0015600445913150907,0.04755645990371704,0.0032181006390601397,"you're a real man? You're a real man?"" ""You"" ""You."" ""Are you a real man?"" ""Are you a real man?"" ""Are you a real man?"" ""Are you a real man?"" ""Are you a real man?""

You are not a real man. You are not a real man. You are not a real man. You are a real man. You are a real man. You are a real man.

The Bible says that ""You shall not"
0.7999477386474609,0.002332356059923768,0.02336367964744568,0.0018011934589594603,0.22475357353687286,0.10214979201555252,"you're a real racist.

There are many types of racist and sexist in every country, but for the most part the country is dominated by the extreme right. (Yes there are extreme right and extreme left, but they are a thing.)

The extreme right controls a vast majority of the media, making the news and everyone else. It's a system with a few exceptions and the rules are the same.

The rich and powerful are the ones receiving the media and the people who control the media"
0.9321418404579163,0.018431631848216057,0.6717448234558105,0.0008737488533370197,0.8481379747390747,0.015549449250102043,"you're a real jerk""

There's a difference of opinion, right?

Yeah, the ""real jerk"" mentality.

You need to understand, these jerks are the same folks who take their jobs seriously.

Let's talk about the jobs.

Let's not forget the jobs.

Let's get REAL.

The jobs is the problem.

The jobs are jobs.

There are plenty of jobs where you can't even even be bothered to"
0.9389591217041016,0.056050293147563934,0.5370692014694214,0.009759846143424511,0.7186543941497803,0.6504283547401428,"you're a real moron when it comes to racism.

White nationalists and white supremacists are one and the same.

Just like people who equate racism to Islam and white nationalism are one.

Muslims and Sikhs are two and the same.

No Muslim is the same and no Sikhs are the same.

This is the problem with ""fags"" and ""freaks"", I know there are thousands, and thousands of people who do not understand the true meaning of these words"
0.8945217132568359,0.01345814298838377,0.7070823907852173,0.002768490929156542,0.5926710367202759,0.012780798599123955,"you're a real crack dealer, I tell ya. You ain't got nothing to lose, you goin' crazy with your ass. Don't get mad, you got nothing to lose. It's not ya who gets mad, it's the rest of us. It's not ya who gets mad. Don't take my word for it, just ask one of us. And by the way, you're probably not a real crack dealer, I tell ya. You ain't got nothing to lose, you go"
0.6349747180938721,0.0010101848747581244,0.03478538990020752,0.0009316351497545838,0.30592894554138184,0.004705591592937708,"you're a real nutjob, right? Well, you should know, Mr. OPPREPREP, that in all fairness, when you are a real nutjob, your job in the Federal Courts is to get you to a certain point and you deserve it. You're better than that. So you just quit here, quit whining, quit whining. You are the only person in the Federal Court who can get you to the very next point. If you aren't the only person to the end point, then"
0.9403998255729675,0.01822727359831333,0.7149438261985779,0.0010993466712534428,0.8304735422134399,0.014148667454719543,"you're a real prick, aren't you? I mean, you're a prick, aren't you? I mean, you're a prick, aren't you? I mean, you're a prick, aren't you? I mean, you're a prick, aren't you? I mean, you're a prick, aren't you? I mean, you're a prick, aren't you? I mean, you're a prick, aren't you? I mean, you're a prick, aren't"
0.9968454241752625,0.2491821050643921,0.979812741279602,0.0021773497574031353,0.9696334004402161,0.026600711047649384,"you're a real asshole, you have no business being a real asshole. You have no business being a real asshole because you're a pussy. You have no business being a pussy because you're a pussy, you have no business being a pussy because you're a pussy, you have no business being a pussy because you're a pussy, you have no business being a pussy because you're a pussy, you have no business being a pussy because you're a pussy, you have no business being a pussy because you're"
0.9899274706840515,0.10849576443433762,0.9563993215560913,0.0016855483409017324,0.9296926259994507,0.026758059859275818,"you're a real prick, isn't he?


-Lydia


The real johnny the bitch was the real johnny the bitch.


-Lydia


A real johnny the bitch is a real johnny the bitch.


The REAL johnny the bitch was the REAL johnny the bitch.


The REAL johnny the bitch was the REAL johnny the bitch.


""Oh hey.


It's been a while. I'm on the road."
0.9233099818229675,0.015687840059399605,0.5779938101768494,0.0008994884556159377,0.8572512269020081,0.01104443334043026,you're a real moron?
0.9880437254905701,0.03404800593852997,0.7518766522407532,0.0018395126098766923,0.9217865467071533,0.016018765047192574,"you're a real prick. You're a real prick who is going to hell to hell for pointing out your hypocrisy, hypocrisy! You're a real prick who is going to hell for pointing out your hypocrisy, hypocrisy!"
0.990519642829895,0.04720650240778923,0.7800226211547852,0.0017448498401790857,0.959931492805481,0.028773371130228043,you're a real retard? Are you a real idiot? Are you a real idiot? Are you a real idiot?
0.8168562650680542,0.002924969419836998,0.10744728147983551,0.0007310796063393354,0.6117446422576904,0.011744716204702854,you're a real estate bum! Get down to the wire and let us know what you think.
0.7101686596870422,0.0014451383613049984,0.05058934912085533,0.0006101842736825347,0.4707629680633545,0.00301980203948915,you're a real nutcase. You probably have the best theories to explain why everything went wrong on both sides.
0.9690636992454529,0.025467390194535255,0.699735701084137,0.001082805567421019,0.9228628277778625,0.014016641303896904,you're a real moron.
0.9352101683616638,0.014243473298847675,0.49179255962371826,0.0016993758035823703,0.8432633876800537,0.03979882225394249,you're a real retard who doesn't understand the nuances that come from being called an idiot.And for the most part it's because I was just called an idiot because I just watched stupid cartoons and didn't understand the difference.Just because the idiots don't understand the differences doesn't make you a real retard.So when we talk about why idiots dont understand the differences the difference is obvious.We have gone through a period of changing the language to differentiate ourselves.Changing the language means redefining one aspect of a whole
0.9799903035163879,0.03286668658256531,0.6988252997398376,0.0017384677194058895,0.9239312410354614,0.05689975619316101,"you're a real fag.


The hypocrisy of the left is undeniable: you and everyone else are hypocrites. You are so out of touch that your mind is all you have left.

The reality is, your mind is a complete waste.


You would be so mad if you lived in a world of hypocrites. You are. We are hypocrites, your brain is all you have left, and the truth is, you are hypocrites in a world of stupid hypocrites. You"
0.9940449595451355,0.09001043438911438,0.841520369052887,0.004334756638854742,0.9055609703063965,0.2984854280948639,"you're a real racist shithead, right? ???????????????? ?????????????????????? ?????????????? ?????????????? ?????????????? ?????????????? ?????????????? ?????????????? ?????????????? ?????????????? ?????????????? ?????????????? ?????????????? ?????????????? ?????????????? ?????????????? ?????????????? ?????????????? ?????????????? ?????????????? ?????????????? ?????????????? ??????????????"
0.5719677209854126,0.0007031597779132426,0.02253776043653488,0.0009588274406269193,0.118473581969738,0.0014866322744637728,you're a real crackpot nut nut nut nut nut nut nut nut nut nut nut nut nut nut nut nut nut nut nut nut nut nut nut nut nut nut nut nut nut nut nut nut nut nut nut nut nut nut nut nut nut nut nut nut nut nut nut nut nut nut nut nut nut nut nut nut nut nut nut nut nut nut nut nut nut nut nut nut nut nut nut nut nut nut nut nut nut nut nut nut nut nut nut nut nut nut nut nut nut nut nut nut nut nut nut nut nut nut
0.9568355679512024,0.021882737055420876,0.1998589187860489,0.0051657166332006454,0.6268298625946045,0.5348301529884338,"you're a real hater. They all hate eachother but they hate eachother on purpose. So, are you homophobes or not?"
0.981560468673706,0.031207790598273277,0.7317820191383362,0.0012332844780758023,0.9418219923973083,0.014466352760791779,"you're a real deal, you?You're an idiot.A professional?To be honest, you are a professional in everything you do...I'm not an idiot.You are an idiot to be honest.The only thing you know is you are an idiot to be honest.You are an idiot to be honest.To be honest you are an idiot to be honest.You are an idiot to be honest.You are an idiot to be honest.You are an idiot to be honest.You are an idiot"
0.9817237854003906,0.023555317893624306,0.5719026327133179,0.002124185673892498,0.936661958694458,0.028042810037732124,you're a real retard that is so bad and so stupid that you just need to go back and buy it again.
0.8144461512565613,0.002256776439025998,0.06606897711753845,0.0009390438790433109,0.6055216789245605,0.007735706400126219,"you're a real nutjob. If you're a real nutjob, then you are a real nutjob and a real nutjob."
0.8580074310302734,0.00830160640180111,0.41251248121261597,0.0006635449244640768,0.7262826561927795,0.010145442560315132,"you're a real hunk, just an old hunk?"
0.5716499090194702,0.00040145713137462735,0.004275710787624121,0.001111108111217618,0.0466168113052845,0.003906060941517353,"you're a realist? Youre really not, the person who wrote the manifesto? You are realist! You dont care what the actuality of the manifesto is??? Youre realist? Youre realist?"
0.28734782338142395,0.00038912449963390827,0.013436602428555489,0.0007613505586050451,0.0364663191139698,0.0018673152662813663,"you're a real estate hustler, they have a ""hard luck"" reputation in the black belt black belt black belt black belt black belt black belt black belt black belt black belt black belt black belt black belt black belt black belt black belt"
0.7699990272521973,0.001688508316874504,0.0889672040939331,0.0006484730402007699,0.42703163623809814,0.0031306424643844366,"you're a real deal. When they call you a liar, you ain't a real deal."
0.9950666427612305,0.16740334033966064,0.9686242938041687,0.001742627820931375,0.9656796455383301,0.02698448859155178,you're a real bitch. You really are a real bitch. You really are a real bitch. I bet they are the same people.
0.9976493716239929,0.3236466348171234,0.9851230978965759,0.003258216194808483,0.9766747951507568,0.05021108686923981,"you're a real bitch and a real bitch is a real bitch. You're a real bitch and a real bitch is a real bitch and a real bitch.
You're a real bitch and a real bitch is a real bitch."
0.9680850505828857,0.013808281160891056,0.13061614334583282,0.004192693158984184,0.67848140001297,0.3421052396297455,you're a real racist. #RealRacists
0.9522975087165833,0.07681635022163391,0.4300684928894043,0.012669922783970833,0.6709659099578857,0.8238987326622009,"you're a real black person. You don't black person? You don't black person?
black person is black person. black person is black person."
0.11989949643611908,0.00024834609939716756,0.003690059296786785,0.0009628760162740946,0.0036503232549875975,0.0007183736888691783,you're a real fan. You real fan. You real fan. You real fan. You real fan. You real fan. You real fan. You real fan. You real fan. You real fan. You real fan. You real fan. You real fan. You real fan. You real fan. You real fan. You real fan. You real fan. You real fan. You real fan. You real fan. You real fan. You real fan. You real fan. You real fan. You real
0.056881409138441086,0.000131620850879699,0.0012750201858580112,0.00035006628604605794,0.0014970938209444284,0.00038193620275706053,"you're a real fan of the fandom. The fandom doesn't care about the fandom. They care about the fandom. The fan, the fan, the fan care about the fandom.The fan the fan the fan, the fan the fan the fan the fan the fan the fan"
0.32177168130874634,0.0003285804996266961,0.005060718394815922,0.0013278736732900143,0.017489701509475708,0.0007149032899178565,"you're a real problem real problem real problem
Real problem real issue real problem real problem real problem real problem real problem real problem real problem real problem real problem real problem real real problem real problem real problem real problem real real real real problem real real real problem real real real real problem real real real real real problem real real real real real real real real real real real real real real real real real real real real real real real real real real real real real real real real real real real real real real real real real"
0.9951098561286926,0.16362333297729492,0.9701086282730103,0.0016648442251607776,0.9631342887878418,0.022281194105744362,"you're a real bitch, not a real bitch."
0.4805739223957062,0.0005158460699021816,0.024903619661927223,0.0005661087343469262,0.05542358011007309,0.0007848648820072412,you're a real deal is a fake deal.
0.03236953169107437,9.346686420030892e-05,0.0005955017986707389,0.00024025635502766818,0.0014473260380327702,0.0003081641043536365,"you're a real difference maker, is a real difference maker is a real difference maker"
0.30433106422424316,0.0003867443301714957,0.0036130081862211227,0.0026819470804184675,0.013528076000511646,0.0011188947828486562,you're a real real real real real real real real real real real real real real real real real real real real real real real real real real real real real real real real real real real real real real real real real real real real real real real real real real real real real real real real real real real real real real real real real real real real real real real real real real real real real real real real real real real real real real real real real real real real real real real real real real real real real
0.11276882886886597,0.0001428781688446179,0.002137572504580021,0.00035240317811258137,0.005896315444260836,0.0003535949799697846,you're a real problem real problem real problem. The problem is real that the author is a real problem real problem and the author a real problem real problem.
0.7996566891670227,0.0011625405168160796,0.046007171273231506,0.00043914266279898584,0.2913475036621094,0.0014005276607349515,you're a real problem. You're a real problem and not a problem.
0.30433106422424316,0.0003867443301714957,0.0036130081862211227,0.0026819470804184675,0.013528076000511646,0.0011188947828486562,you're a real real real real real real real real real real real real real real real real real real real real real real real real real real real real real real real real real real real real real real real real real real real real real real real real real real real real real real real real real real real real real real real real real real real real real real real real real real real real real real real real real real real real real real real real real real real real real real real real real real real real real
0.5646862983703613,0.0005075898952782154,0.008470208384096622,0.0012214710004627705,0.0540153831243515,0.003004585625603795,you're a realists a realists a realists a realists a realists a realists a realists a realists a realists a realists a realists a realists a realists a realists a realists a realists a realists a realists a realists a realists a realists a realists a realists a realists a realists a realists a realists a realists a realists a realists a realists a realists a realists a realists
0.9084111452102661,0.009470577351748943,0.051504503935575485,0.10096205770969391,0.2777155935764313,0.02871710993349552,you're a real killers are real killers are real killers are real killers are real killers are real killers are real killers are real killers are real killers are real killers are real killers are real killers are real killers are real killers are real killers are real killers are real killers are real killers are real killers are real killers are real killers are real killers are real killers are real killers are real killers are real killers are real killers are real killers are real killers are real killers are real killers are real killers are real killers are real killers
0.30433106422424316,0.0003867443301714957,0.0036130081862211227,0.0026819470804184675,0.013528076000511646,0.0011188947828486562,you're a real real real real real real real real real real real real real real real real real real real real real real real real real real real real real real real real real real real real real real real real real real real real real real real real real real real real real real real real real real real real real real real real real real real real real real real real real real real real real real real real real real real real real real real real real real real real real real real real real real real real real
0.9650561809539795,0.010430428199470043,0.09250587970018387,0.003944638650864363,0.6357942223548889,0.27200567722320557,you're a real racists. What the real racists are actually real real real racists?
0.9065485000610352,0.002349076559767127,0.05273084715008736,0.0011454920750111341,0.5798938274383545,0.006719337776303291,you're a realists fake followers
0.7697385549545288,0.0010072221048176289,0.023756440728902817,0.0017512475606054068,0.3048109710216522,0.0030609960667788982,"you're a real world is fake.

Every human is in fake to every human is in every human was in every human was in every human was in every human was there was a human was a was a was a was a there were a were a were there were a there were a were there were there were a were there were there were there were there was a were there were there were were there were there were there were there were there were there were there were there were there were there were there were there"
0.11494693160057068,0.00018894333334174007,0.0014170921640470624,0.001048085279762745,0.004600123502314091,0.0007020322373136878,you're a real world people are real people and real people. You real people are real people are real people and real people are real people are real people are real people are real people are real people are real people are real people are real people are real people are real people are real people are real people are real people are real people are real people are real people are real people are real people are real people are real people are real people are real people are real people are real people are real people are real people are
0.9872621893882751,0.056596539914608,0.8395363688468933,0.0013416927540674806,0.9452500939369202,0.04481009021401405,you're a realists are real jerks. AndReal Real LBT jerks?  REAL LBT jerks  REAL LBT jerks
0.0006616022437810898,0.000123954625451006,0.00019422666809987277,0.00013552828750107437,0.00018303589604329318,0.00014217484567780048,you're a real deal is good good good!
0.6628484725952148,0.0009715252672322094,0.040966931730508804,0.0010932704899460077,0.12716536223888397,0.0020444237161427736,you're a real do real is real is does actually is actually is is is is is is is is is is is is is is is is is is is is is was is is is is is is is is is is is is is is is is is is is is is is is is is is is is is is is is is is is is is is is is is is is is is is is is is is is is is is is is is is is is is is is is is is is is is
0.7528747916221619,0.0016131042502820492,0.08023107051849365,0.0011537546524778008,0.24541348218917847,0.0032388053368777037,you're a real real is is is real is is is is is is is is is is is is is is is is is is is is is is is is is is is is is is is is is is is is is is is is is is is is is is is is is is is is is is is is is is is is is is is is is is is is is are is is is is is is is is is is is is is is is is is is is is is is is is is
0.9455406665802002,0.006674205418676138,0.15803693234920502,0.007896925322711468,0.36121222376823425,0.004278452601283789,you're a real fake fake fake fake fake fake fake fake fake fake fake fake fake fake fake fake fake fake fake fake fake fake fake fake fake fake fake fake fake fake fake fake fake fake fake fake fake fake fake fake fake fake fake fake fake fake fake fake fake fake fake fake fake fake fake fake fake fake fake fake fake fake fake fake fake fake fake fake fake fake fake fake fake fake fake fake fake fake fake fake fake fake fake fake fake fake fake fake fake fake fake fake fake fake fake fake fake fake fake fake
0.30433106422424316,0.0003867443301714957,0.0036130081862211227,0.0026819470804184675,0.013528076000511646,0.0011188947828486562,you're a real real real real real real real real real real real real real real real real real real real real real real real real real real real real real real real real real real real real real real real real real real real real real real real real real real real real real real real real real real real real real real real real real real real real real real real real real real real real real real real real real real real real real real real real real real real real real real real real real real real real real
0.057143840938806534,0.00013723458687309176,0.0015636277385056019,0.00043861696030944586,0.001953706843778491,0.00032930367160588503,"you're a real fans don't a real fans don't a real fans are the real fans don't some a huge a fan aren't a big a regular regular don't a regular don't a regular don't a know, are the regular a the regular don't and meet the regular don't have the meet the don't, meet, are aren't don, meet don't, meet, meet, meet, meet meet meet, meet, meet meet and meet, meet, meet meet, meet, meet meet"
0.13417509198188782,0.00017636989650782198,0.0029116508085280657,0.0004900098429061472,0.008955517783761024,0.0005086760502308607,you're a real a REAL a real a REAL a REAL a REAL a REAL a REAL a REAL a REAL a real a REAL a a REAL a REAL a REAL a a a REAL a REAL a REAL a a sponsor a REAL a REAL a REAL a REAL a a a a a a REAL a a a sponsor a REAL a a sponsor a a sponsor a sponsor a sponsor a sponsor a sponsor a a sponsor a a a sponsor a sponsor a a sponsor a a a a a sponsor a a sponsor a a a a
0.30433106422424316,0.0003867443301714957,0.0036130081862211227,0.0026819470804184675,0.013528076000511646,0.0011188947828486562,you're a real real real real real real real real real real real real real real real real real real real real real real real real real real real real real real real real real real real real real real real real real real real real real real real real real real real real real real real real real real real real real real real real real real real real real real real real real real real real real real real real real real real real real real real real real real real real real real real real real real real real real
0.30433106422424316,0.0003867443301714957,0.0036130081862211227,0.0026819470804184675,0.013528076000511646,0.0011188947828486562,you're a real real real real real real real real real real real real real real real real real real real real real real real real real real real real real real real real real real real real real real real real real real real real real real real real real real real real real real real real real real real real real real real real real real real real real real real real real real real real real real real real real real real real real real real real real real real real real real real real real real real real real
0.13155724108219147,0.00018325174460187554,0.0031079105101525784,0.0005302666104398668,0.007395866326987743,0.0003329637402202934,"you're a real is an actual is not an actual in an actual, an actually an actual an an actually an actual an actual an actual an actual an actual an actual an actual an actual an actual an actual an actual an actual an actual an actual an actual an actual an actual an actual an actual an actual an actual an actual an actual an actual an actual an actual an actual an actual an actual an actual an actual an actual an actual an actual an actual an actual an actual an actual an actual an actual an actual"
0.30433106422424316,0.0003867443301714957,0.0036130081862211227,0.0026819470804184675,0.013528076000511646,0.0011188947828486562,you're a real real real real real real real real real real real real real real real real real real real real real real real real real real real real real real real real real real real real real real real real real real real real real real real real real real real real real real real real real real real real real real real real real real real real real real real real real real real real real real real real real real real real real real real real real real real real real real real real real real real real real
0.429238498210907,0.00039819185622036457,0.006162522826343775,0.001643091905862093,0.04900854825973511,0.0010404636850580573,you're a real no actually real not actually real actual not real not real real actual not real not actual actually actual and real actual real not actual actually actual actual actual actually actually actually actual actually actually actual actually actually actual actually actually actually real actual actually actually real actual actually actual real actual actual real actual actual real actual real actual actual actual real real real real actual real real actual real real real actual real real real real real real real real real real real real real real real real real real real real real real real real real real
0.6222313642501831,0.0008337481413036585,0.007000804413110018,0.00543993292376399,0.09738926589488983,0.003960759378969669,"you're a real are are not the real are not the human are the real are the not the human are theل the not the is not the human are the human are the human are not human is the human are the not human are the human are humans are human be human are human are human are human are human, human be human human be human, human, human be human human be human be human human human be human be human human human human human be human human be human human be human human human human be"
0.10486050695180893,0.00014485865540336818,0.0018967819632962346,0.00044898747000843287,0.007258770056068897,0.00041999705717898905,"you're a real, real, real, real, are in real, are not a real? a realistic, the reality show not a reality, series not a show not a live a show not a show not a live a show not a show not a live a not a not a no a not a not a not a be a not a not a not a not a not a not a not a not a a not a not a be a not a not a not a not a a not a be a"
0.30203527212142944,0.0003184677043464035,0.013518591411411762,0.00041414948645979166,0.03162669390439987,0.0005498673999682069,"you're a real was a lot a. actually a lot a was a fact all a was a fact most a was a reality a fact the, an a majority a reality a fact several a majority a reality a majority a majority a fact a reality a majority a majority a multiple several a multiple a multiple a multiple a multiple a multiple a multiple a multiple a multiple a multiple a multiple a multiple a multiple a multiple a multiple a multiple a multiple a multiple multiple a multiple a multiple a multiple multiple a multiple multiple a multiple"
0.26861828565597534,0.0002995578106492758,0.007914836518466473,0.0009105938370339572,0.027978841215372086,0.0009479536092840135,you're a real no real no real no no no real no no no no no no no no no real no no no no no no no no no no no no no no no no no no no no no no no no no no no no no no no no no no no no no no no no no no no no no no no no no no no no no no no no no no no no no no no no no no no no no no no no no no no no no no no no no no
0.16334857046604156,0.0002643908082973212,0.0020959307439625263,0.0018537298310548067,0.0060925851576030254,0.0007452075951732695,you're a real real genuine real real real real real real real real actual real real real real real real real real real real real real real real real real real real real real real real real real real real real real real real real real real real real real real real real real real real real real real real real real real real real real real real real real real real real real real real real real real real real real real real real real real real real real real real real real real real real real real real real real real
0.20400366187095642,0.00018996468861587346,0.003444242523983121,0.0006194202578626573,0.013420719653367996,0.0006626187823712826,"you're a real no not not that a real not most a not, the facts many a not is fact the facts fact the widespread, the the most is not is not the not, the not, the not the not the not both the not both the both are both are both are both are both are be no be only, be be most, be both have be both are be both are are are multiple are be multiple be be all be be multiple be be be three be be multiple be multiple be multiple be"
0.6311596632003784,0.000631745089776814,0.011612254194915295,0.0011899825185537338,0.19383001327514648,0.0021532634273171425,you're a real not real not not real not real not real rerere rererererererererererererererererererererererererererererererererererererererererererererererererererererererererererererererererererererererererererererererererererererererere
0.24381501972675323,0.00026517518563196063,0.008642849512398243,0.00048411230091005564,0.030833426862955093,0.0006329326424747705,"you're a real a no no no no no no no, real a no no no no no no no no no no no no no no no no no no no no no no no no no no no no no no no no no no no no no no no no no no no no no no no no no no no no no no no no no no no no no no no no no no no no no no no no no no no no no no no no no no no no no no no no no"
0.09598693996667862,0.00016622174007352442,0.0015234563034027815,0.0007625558064319193,0.005582396872341633,0.001049913582392037,you're a real don don haven't yet haven't been had have haven't been been been been able have had have been been able been able been able been able been able been able been able been able be able be able be able be able be able be able be able be able be able be able be able be able be able be able be able be able be able be able be able be able be able be able be able be able be able be able be able be able be able be able be able be
